enviro,observer,task,ori,n_runs,threshold,t_sem,slope,s_sem
lab,p1,temporal,horizontal,5,1.4564,0.0171,0.3715,0.0157
lab,p1,temporal,vertical,5,1.9372,0.0376,0.3657,0.033
lab,p1,temporal,minus45,5,7.2499,0.1184,2.0331,0.1068
lab,p1,temporal,plus45,5,5.9826,0.0722,1.9125,0.063
lab,p1,spatial,horizontal,5,1.6975,0.0588,0.6258,0.0528
lab,p1,spatial,vertical,5,2.0949,0.0408,0.7432,0.0367
lab,p1,spatial,minus45,5,11.4944,0.2093,2.09,0.1848
lab,p1,spatial,plus45,5,12.4404,0.2344,4.9229,0.2211
lab,p10,temporal,horizontal,5,1.6068,0.0984,0.6157,0.0886
lab,p10,temporal,vertical,5,2.1517,0.0879,0.5376,0.0777
lab,p10,temporal,minus45,5,11.8752,0.2252,1.8153,0.1939
lab,p10,temporal,plus45,6,10.1982,0.2402,3.2119,0.2138
lab,p10,spatial,horizontal,5,2.9866,0.1647,1.0025,0.158
lab,p10,spatial,vertical,5,3.1948,0.0629,0.9199,0.0597
lab,p10,spatial,minus45,6,23.1196,1.2785,10.0,1.4323
lab,p10,spatial,plus45,5,15.5917,0.4873,3.4795,0.4386
lab,p11,temporal,horizontal,6,1.7502,0.0479,0.5276,0.0425
lab,p11,temporal,vertical,5,1.8446,0.0543,0.5877,0.0483
lab,p11,temporal,minus45,5,9.4533,0.3157,3.9844,0.2894
lab,p11,temporal,plus45,5,14.0415,0.5628,4.1895,0.5141
lab,p11,spatial,horizontal,5,1.9355,0.073,0.5154,0.0646
lab,p11,spatial,vertical,5,2.5074,0.0838,0.6533,0.0742
lab,p11,spatial,minus45,5,19.861,0.4421,5.2798,0.4648
lab,p11,spatial,plus45,5,24.236,0.7736,4.9428,0.7958
lab,p12,temporal,horizontal,5,1.9687,0.094,0.7578,0.0852
lab,p12,temporal,vertical,6,2.3067,0.0846,1.3389,0.0903
lab,p12,temporal,minus45,5,11.8206,0.6375,6.7803,0.6849
lab,p12,temporal,plus45,5,11.4161,0.46,4.9878,0.4364
lab,p12,spatial,horizontal,5,2.2322,0.0617,0.7791,0.0556
lab,p12,spatial,vertical,5,2.9713,0.0844,0.8216,0.0773
lab,p12,spatial,minus45,5,16.6061,0.5855,4.2597,0.5513
lab,p12,spatial,plus45,5,15.9539,0.3416,6.1267,0.3554
lab,p13,temporal,horizontal,5,1.3842,0.119,0.4179,0.1068
lab,p13,temporal,vertical,5,2.1687,0.0714,1.0406,0.0688
lab,p13,temporal,minus45,5,16.5452,0.5588,4.4495,0.5308
lab,p13,temporal,plus45,5,18.0582,0.5422,7.2132,0.6098
lab,p13,spatial,horizontal,5,2.9346,0.0954,0.8448,0.0876
lab,p13,spatial,vertical,5,2.8068,0.1006,0.5069,0.0888
lab,p13,spatial,minus45,5,22.9114,0.914,5.5969,0.9666
lab,p13,spatial,plus45,5,20.0224,0.779,5.4647,0.8255
lab,p14,temporal,horizontal,5,1.0023,0.0226,0.3377,0.0187
lab,p14,temporal,vertical,5,1.8755,0.0936,0.9374,0.0888
lab,p14,temporal,minus45,5,7.0504,0.0723,1.7929,0.0672
lab,p14,temporal,plus45,5,3.0782,0.2855,1.2193,0.3157
lab,p14,spatial,horizontal,5,1.5315,0.0353,0.6648,0.0322
lab,p14,spatial,vertical,5,2.8297,0.087,0.683,0.0776
lab,p14,spatial,minus45,5,12.204,0.4033,3.922,0.3634
lab,p14,spatial,plus45,5,10.9658,0.4343,3.3943,0.3868
lab,p15,temporal,horizontal,5,1.0364,0.0637,0.5473,0.0596
lab,p15,temporal,vertical,5,1.623,0.0535,0.7812,0.0508
lab,p15,temporal,minus45,7,10.3606,0.4788,4.4839,0.4451
lab,p15,temporal,plus45,4,9.1526,0.4623,4.6318,0.4388
lab,p15,spatial,horizontal,6,2.1502,0.0871,0.9345,0.0871
lab,p15,spatial,vertical,5,2.2234,0.0689,0.4254,0.0607
lab,p15,spatial,minus45,5,19.3033,0.2572,6.558,0.2814
lab,p15,spatial,plus45,4,16.0716,0.283,3.9573,0.2607
lab,p16,temporal,horizontal,5,0.8596,0.03,0.1797,0.0187
lab,p16,temporal,vertical,5,0.7479,0.0182,0.2991,0.016
lab,p16,temporal,minus45,5,4.4725,0.1936,1.7674,0.172
lab,p16,temporal,plus45,5,4.8262,0.2956,2.6307,0.2736
lab,p16,spatial,horizontal,5,1.6702,0.0667,0.6641,0.0609
lab,p16,spatial,vertical,5,1.5811,0.0453,0.6469,0.0414
lab,p16,spatial,minus45,5,12.9319,0.2861,2.2953,0.2504
lab,p16,spatial,plus45,5,13.9383,0.3529,4.0941,0.3209
lab,p17,temporal,horizontal,5,1.2273,0.0259,0.228,0.021
lab,p17,temporal,vertical,4,0.8523,0.0518,0.4142,0.047
lab,p17,temporal,minus45,5,10.5819,0.4128,5.4581,0.4053
lab,p17,temporal,plus45,4,11.2442,0.6142,5.4015,0.5983
lab,p17,spatial,horizontal,5,2.1468,0.0446,0.5426,0.0395
lab,p17,spatial,vertical,5,1.8461,0.0452,0.4851,0.0399
lab,p17,spatial,minus45,5,20.9821,0.8832,7.6505,0.9876
lab,p17,spatial,plus45,4,20.7892,0.5451,5.2156,0.5788
lab,p18,temporal,horizontal,6,1.0477,0.033,0.3521,0.0275
lab,p18,temporal,vertical,5,0.9591,0.0293,0.3851,0.0256
lab,p18,temporal,minus45,4,9.2277,0.6961,4.1334,0.6439
lab,p18,temporal,plus45,5,10.0505,0.4134,3.6109,0.3719
lab,p18,spatial,horizontal,5,1.4057,0.0234,0.4786,0.0209
lab,p18,spatial,vertical,5,1.491,0.0841,0.5611,0.0754
lab,p18,spatial,minus45,6,14.9002,0.5301,4.1932,0.4873
lab,p18,spatial,plus45,5,10.9992,0.3045,3.7799,0.274
lab,p2,temporal,horizontal,5,1.4014,3678.651,0.0379,4880.3269
lab,p2,temporal,vertical,5,1.7986,0.0417,0.6133,0.0373
lab,p2,temporal,minus45,5,7.1844,0.3495,2.915,0.3157
lab,p2,temporal,plus45,5,6.5948,0.4756,3.9489,0.4562
lab,p2,spatial,horizontal,5,1.4354,0.0185,0.3225,0.0181
lab,p2,spatial,vertical,5,1.3942,0.0398,0.5934,0.036
lab,p2,spatial,minus45,5,9.707,0.3739,3.5601,0.3367
lab,p2,spatial,plus45,5,11.1243,0.261,2.7769,0.2304
lab,p3,temporal,horizontal,5,0.5903,0.0161,0.1536,0.0135
lab,p3,temporal,vertical,5,0.6037,0.0228,0.2339,0.0206
lab,p3,temporal,minus45,5,3.0,0.0221,0.6172,0.0172
lab,p3,temporal,plus45,5,2.2687,0.0708,0.9888,0.0634
lab,p3,spatial,horizontal,5,1.1776,0.0477,0.3686,0.0425
lab,p3,spatial,vertical,5,1.4952,0.0501,0.4455,0.0466
lab,p3,spatial,minus45,5,8.4389,0.274,2.596,0.2726
lab,p3,spatial,plus45,5,7.8897,0.1591,2.9296,0.1625
lab,p4,temporal,horizontal,5,1.1565,0.0181,0.3347,0.015
lab,p4,temporal,vertical,5,1.6604,0.0369,0.5298,0.0328
lab,p4,temporal,minus45,5,6.8904,0.1311,1.7981,0.1211
lab,p4,temporal,plus45,5,8.1751,0.1859,2.3066,0.164
lab,p4,spatial,horizontal,5,1.707,0.0571,0.6342,0.0514
lab,p4,spatial,vertical,5,1.8619,0.1139,0.7758,0.1042
lab,p4,spatial,minus45,5,9.86,0.5853,3.0805,0.5203
lab,p4,spatial,plus45,5,10.8999,0.366,3.9348,0.3311
lab,p5,temporal,horizontal,5,1.0602,0.0402,0.3595,0.0336
lab,p5,temporal,vertical,5,1.0416,0.0263,0.2822,0.0195
lab,p5,temporal,minus45,5,9.4746,0.2344,1.9122,0.2028
lab,p5,temporal,plus45,5,9.3996,0.2302,3.1356,0.2052
lab,p5,spatial,horizontal,5,1.6328,0.0852,0.5733,0.0761
lab,p5,spatial,vertical,5,1.7395,0.0398,0.3581,0.0337
lab,p5,spatial,minus45,5,16.0663,0.9247,5.698,0.9372
lab,p5,spatial,plus45,5,19.0176,0.986,7.5224,1.1228
lab,p6,temporal,horizontal,5,1.5048,0.0495,0.453,0.0442
lab,p6,temporal,vertical,5,2.1236,0.1477,1.2135,0.1511
lab,p6,temporal,minus45,5,14.2505,0.4675,5.8411,0.4704
lab,p6,temporal,plus45,5,16.834,0.5518,5.1122,0.546
lab,p6,spatial,horizontal,5,2.3863,0.1218,0.9639,0.1143
lab,p6,spatial,vertical,5,2.4872,0.1361,0.6727,0.1208
lab,p6,spatial,minus45,5,18.6896,0.7824,4.9309,0.7938
lab,p6,spatial,plus45,6,16.7938,0.2007,4.1765,0.1887
lab,p7,temporal,horizontal,5,1.1493,0.0472,0.4978,0.0424
lab,p7,temporal,vertical,5,1.0818,0.0534,0.43,0.0469
lab,p7,temporal,minus45,5,7.1613,0.2796,2.3855,0.2497
lab,p7,temporal,plus45,5,6.9391,0.2432,2.5393,0.2178
lab,p7,spatial,horizontal,5,1.0015,0.0373,0.4516,0.0332
lab,p7,spatial,vertical,5,1.939,0.0278,0.6213,0.0248
lab,p7,spatial,minus45,5,8.8164,0.3258,2.6644,0.2884
lab,p7,spatial,plus45,5,10.4803,0.218,3.3429,0.1943
lab,p8,temporal,horizontal,5,1.3292,0.0629,0.5526,0.0568
lab,p8,temporal,vertical,5,1.3523,0.038,0.5604,0.0343
lab,p8,temporal,minus45,5,8.7803,0.2807,1.7241,0.2327
lab,p8,temporal,plus45,5,8.5182,0.0728,2.1424,0.0636
lab,p8,spatial,horizontal,5,1.6372,0.0508,0.3091,0.0436
lab,p8,spatial,vertical,5,2.2781,0.0576,0.6133,0.0509
lab,p8,spatial,minus45,5,15.1444,0.1494,3.7306,0.1351
lab,p8,spatial,plus45,5,14.0397,0.2811,3.5789,0.2515
lab,p9,temporal,horizontal,6,1.5197,0.0696,0.4838,0.062
lab,p9,temporal,vertical,4,1.6249,0.058,0.7868,0.054
lab,p9,temporal,minus45,5,9.291,0.4496,5.1433,0.4385
lab,p9,temporal,plus45,5,11.8735,0.6401,5.4726,0.625
lab,p9,spatial,horizontal,5,1.8126,0.0342,0.7003,0.031
lab,p9,spatial,vertical,5,1.6956,0.0576,0.6021,0.0516
lab,p9,spatial,minus45,5,15.6351,0.4927,4.2209,0.4568
lab,p9,spatial,plus45,5,13.3632,0.4413,4.4412,0.4064
web,p1,temporal,horizontal,5,1.0198,0.0321,0.4434,0.0285
web,p1,temporal,vertical,5,1.1311,0.022,0.4288,0.0193
web,p1,temporal,minus45,5,6.4802,0.1256,1.7999,0.1131
web,p1,temporal,plus45,5,6.3249,0.2007,2.4704,0.18
web,p1,spatial,horizontal,5,1.6759,0.0312,0.4047,0.0273
web,p1,spatial,vertical,5,1.7315,0.0262,0.5733,0.0233
web,p1,spatial,minus45,5,14.581,0.3164,4.3302,0.2919
web,p1,spatial,plus45,5,10.0945,0.5386,4.1892,0.495
web,p10,temporal,horizontal,5,2.0903,0.1188,1.3653,0.1285
web,p10,temporal,vertical,6,2.2675,0.1197,1.2575,0.124
web,p10,temporal,minus45,5,12.9558,0.3961,4.2627,0.3615
web,p10,temporal,plus45,5,13.4132,0.3895,5.0822,0.3714
web,p10,spatial,horizontal,5,2.2369,0.0821,1.0082,0.0782
web,p10,spatial,vertical,5,2.9222,0.0509,0.5701,0.0451
web,p10,spatial,minus45,5,20.3021,0.839,7.939,0.9576
web,p10,spatial,plus45,5,22.0062,0.6499,7.3194,0.7069
web,p11,temporal,horizontal,5,1.7007,0.0414,0.6669,0.0374
web,p11,temporal,vertical,5,1.1215,0.0467,0.5471,0.0427
web,p11,temporal,minus45,5,10.2354,0.2531,2.6993,0.2237
web,p11,temporal,plus45,6,12.3918,0.2752,3.4167,0.2446
web,p11,spatial,horizontal,6,2.0456,0.0262,0.6094,0.0233
web,p11,spatial,vertical,5,2.5969,0.0368,0.5606,0.0324
web,p11,spatial,minus45,5,18.0452,0.6881,4.5236,0.6748
web,p11,spatial,plus45,6,20.7638,0.3565,4.4972,0.3715
web,p12,temporal,horizontal,5,2.2325,0.0892,0.7834,0.0805
web,p12,temporal,vertical,5,2.7085,0.1212,0.9773,0.1143
web,p12,temporal,minus45,5,10.7907,0.6987,6.1881,0.7204
web,p12,temporal,plus45,5,10.3618,0.4652,4.7582,0.4387
web,p12,spatial,horizontal,5,2.3091,0.056,0.8044,0.0507
web,p12,spatial,vertical,5,2.9593,0.0662,0.6412,0.0589
web,p12,spatial,minus45,5,14.2081,0.3988,4.028,0.3622
web,p12,spatial,plus45,5,14.7758,0.224,4.3703,0.2073
web,p13,temporal,horizontal,5,1.7944,0.0779,0.9171,0.074
web,p13,temporal,vertical,5,2.1601,0.0934,0.8348,0.0853
web,p13,temporal,minus45,5,13.8313,0.7705,5.4218,0.7519
web,p13,temporal,plus45,5,16.0262,0.4553,4.5848,0.4322
web,p13,spatial,horizontal,5,2.4819,0.0508,0.5685,0.0447
web,p13,spatial,vertical,5,2.7243,0.0821,1.0615,0.0794
web,p13,spatial,minus45,6,22.4317,1.0451,6.5984,1.1167
web,p13,spatial,plus45,5,20.1014,0.4386,4.5477,0.4514
web,p14,temporal,horizontal,5,1.1038,0.0141,0.1991,0.0079
web,p14,temporal,vertical,5,1.0647,0.031,0.4458,0.0274
web,p14,temporal,minus45,5,4.8368,0.1253,1.7579,0.1073
web,p14,temporal,plus45,5,5.2803,0.3257,3.0441,0.3063
web,p14,spatial,horizontal,5,1.2022,0.027,0.4012,0.0236
web,p14,spatial,vertical,5,2.4604,0.0543,0.8863,0.0499
web,p14,spatial,minus45,5,8.3491,0.3259,3.2385,0.2939
web,p14,spatial,plus45,5,8.5186,0.3416,3.2849,0.308
web,p15,temporal,horizontal,5,0.9513,0.0583,0.4634,0.0536
web,p15,temporal,vertical,5,1.6947,0.0847,0.8637,0.0827
web,p15,temporal,minus45,5,12.9718,0.4714,5.4408,0.4592
web,p15,temporal,plus45,5,9.9546,0.4635,4.9889,0.4446
web,p15,spatial,horizontal,5,1.8116,0.0648,0.515,0.0573
web,p15,spatial,vertical,5,2.6297,0.1049,0.4687,0.0936
web,p15,spatial,minus45,5,14.8614,0.5169,5.1381,0.4992
web,p15,spatial,plus45,6,18.6126,0.2178,5.9179,0.2309
web,p16,temporal,horizontal,8,0.6803,0.0132,0.2524,0.0121
web,p16,temporal,vertical,8,1.0335,0.0332,0.5304,0.0309
web,p16,temporal,minus45,8,3.4254,0.0579,1.1649,0.0788
web,p16,temporal,plus45,8,6.0629,0.1087,2.1967,0.0964
web,p16,spatial,horizontal,8,1.1636,0.018,0.3355,0.0162
web,p16,spatial,vertical,10,1.6522,0.0235,0.432,0.0208
web,p16,spatial,minus45,8,8.6577,0.1071,3.3361,0.0966
web,p16,spatial,plus45,8,10.1068,0.3876,6.3804,0.4068
web,p17,temporal,horizontal,4,1.7356,0.1293,1.0558,0.1281
web,p17,temporal,vertical,4,1.5724,0.0797,0.5887,0.0715
web,p17,temporal,minus45,9,11.0488,0.3228,5.8342,0.3241
web,p17,temporal,plus45,6,14.136,0.6125,7.6297,0.7041
web,p17,spatial,horizontal,5,1.3776,0.0931,0.8189,0.0894
web,p17,spatial,vertical,5,1.7009,0.0929,0.9597,0.0898
web,p17,spatial,minus45,4,21.9902,0.6694,7.2637,0.7277
web,p17,spatial,plus45,5,24.0553,0.6027,4.1168,0.6349
web,p18,temporal,horizontal,5,0.7777,0.01,0.2391,0.0121
web,p18,temporal,vertical,5,0.6713,0.0127,0.1677,0.0305
web,p18,temporal,minus45,5,6.3622,0.1828,2.4014,0.1636
web,p18,temporal,plus45,5,8.6318,0.1685,2.6144,0.1491
web,p18,spatial,horizontal,5,1.725,0.0218,0.5147,0.0193
web,p18,spatial,vertical,5,1.331,0.0397,0.4504,0.0354
web,p18,spatial,minus45,5,11.4066,0.3947,6.0906,0.4029
web,p18,spatial,plus45,5,11.5199,0.1502,3.0377,0.1328
web,p2,temporal,horizontal,6,1.0972,0.0433,0.5397,0.0395
web,p2,temporal,vertical,5,1.1123,0.0257,0.334,0.021
web,p2,temporal,minus45,5,5.0688,0.0837,1.3028,0.0604
web,p2,temporal,plus45,5,5.3633,0.0679,1.0864,0.0409
web,p2,spatial,horizontal,5,1.1547,0.0376,0.4136,0.0328
web,p2,spatial,vertical,5,1.5984,0.0744,0.4757,0.066
web,p2,spatial,minus45,5,11.0048,0.175,3.0639,0.1549
web,p2,spatial,plus45,5,12.6828,0.8236,5.06,0.7829
web,p3,temporal,horizontal,5,0.6813,0.0068,0.1745,0.0064
web,p3,temporal,vertical,5,0.4911,0.0117,0.1371,0.0091
web,p3,temporal,minus45,5,1.9152,0.0385,0.6897,0.0416
web,p3,temporal,plus45,5,1.8366,0.0865,0.8452,0.0836
web,p3,spatial,horizontal,5,0.8949,0.05,0.2766,0.0442
web,p3,spatial,vertical,5,1.5221,0.0672,0.4649,0.0633
web,p3,spatial,minus45,5,6.9678,0.1346,2.4972,0.128
web,p3,spatial,plus45,5,5.8674,0.1824,2.0843,0.1661
web,p4,temporal,horizontal,5,0.9023,0.0266,0.3479,0.0233
web,p4,temporal,vertical,6,1.0568,0.0188,0.3983,0.0163
web,p4,temporal,minus45,5,10.491,0.4502,5.261,0.4368
web,p4,temporal,plus45,5,6.8441,0.189,0.7842,0.3949
web,p4,spatial,horizontal,6,1.6425,0.097,0.9909,0.0951
web,p4,spatial,vertical,5,1.6905,0.1473,0.667,0.1332
web,p4,spatial,minus45,6,11.6583,0.3214,4.4041,0.2955
web,p4,spatial,plus45,5,11.4556,0.3698,4.4744,0.3413
web,p5,temporal,horizontal,5,1.2018,0.0346,0.4002,0.0302
web,p5,temporal,vertical,5,1.393,0.0548,0.6191,0.0499
web,p5,temporal,minus45,5,9.7359,0.3147,2.8096,0.2786
web,p5,temporal,plus45,5,11.573,0.334,3.4653,0.2974
web,p5,spatial,horizontal,5,2.0941,0.1176,0.8976,0.1092
web,p5,spatial,vertical,5,2.5849,0.0712,0.8947,0.0656
web,p5,spatial,minus45,5,17.82,0.5631,4.6278,0.5527
web,p5,spatial,plus45,5,19.3214,0.6886,4.2213,0.6853
web,p6,temporal,horizontal,5,1.7417,0.1628,1.2221,0.1697
web,p6,temporal,vertical,5,2.099,0.1425,0.8669,0.1314
web,p6,temporal,minus45,5,12.405,0.5687,5.6976,0.5635
web,p6,temporal,plus45,5,13.4045,0.9273,7.1153,1.023
web,p6,spatial,horizontal,5,2.3007,0.0561,0.7018,0.05
web,p6,spatial,vertical,5,2.7373,0.1063,1.1331,0.1053
web,p6,spatial,minus45,5,17.1392,0.583,4.1424,0.5506
web,p6,spatial,plus45,6,22.3539,0.6113,4.9369,0.6518
web,p7,temporal,horizontal,5,1.0534,0.0302,0.3049,0.0235
web,p7,temporal,vertical,5,0.9283,0.0478,0.3423,0.0412
web,p7,temporal,minus45,5,6.5001,0.2429,0.9301,0.2708
web,p7,temporal,plus45,5,8.1129,0.248,2.3329,0.2192
web,p7,spatial,horizontal,5,1.7446,0.0387,0.5659,0.0345
web,p7,spatial,vertical,6,2.3464,0.0845,0.7754,0.076
web,p7,spatial,minus45,5,15.0261,0.4318,5.5891,0.4297
web,p7,spatial,plus45,5,13.3411,1.0705,6.4382,1.1207
web,p8,temporal,horizontal,5,1.7525,0.0569,0.553,0.0506
web,p8,temporal,vertical,5,1.2515,0.0766,0.5066,0.0687
web,p8,temporal,minus45,5,10.3616,0.5513,4.3536,0.5093
web,p8,temporal,plus45,5,8.1849,0.4344,3.173,0.3915
web,p8,spatial,horizontal,5,2.8615,0.062,0.8386,0.0568
web,p8,spatial,vertical,5,2.3667,0.0372,0.7003,0.0331
web,p8,spatial,minus45,5,18.501,0.6124,4.8291,0.616
web,p8,spatial,plus45,5,18.043,0.298,4.7734,0.296
web,p9,temporal,horizontal,4,1.1908,0.0225,0.2332,0.0166
web,p9,temporal,vertical,6,0.9918,0.0273,0.3513,0.023
web,p9,temporal,minus45,5,9.6738,0.4578,3.5128,0.4117
web,p9,temporal,plus45,5,8.6873,0.3307,3.3374,0.2981
web,p9,spatial,horizontal,5,1.898,0.0691,0.7255,0.0625
web,p9,spatial,vertical,5,2.6225,0.0796,0.7861,0.0718
web,p9,spatial,minus45,6,13.4515,0.3597,4.4497,0.3314
web,p9,spatial,plus45,4,13.2759,0.6286,4.1454,0.5714
web,p19,temporal,horizontal,5,1.3998,0.182,1.0721,0.1861
web,p19,temporal,vertical,5,1.3615,0.0496,0.3544,0.0457
web,p19,temporal,minus45,5,15.2249,0.674,6.0507,0.6931
web,p19,temporal,plus45,5,15.163,0.4911,5.8299,0.4973
web,p19,spatial,horizontal,5,2.7596,0.0884,0.7867,0.0799
web,p19,spatial,vertical,5,2.9243,0.082,0.8033,0.0746
web,p19,spatial,minus45,5,16.2936,0.58,2.5379,0.5121
web,p19,spatial,plus45,5,17.2839,0.28,4.6614,0.2724
web,p20,temporal,horizontal,5,0.8903,0.0662,0.4961,0.0621
web,p20,temporal,vertical,5,0.9879,0.026,0.2893,0.0228
web,p20,temporal,minus45,5,7.024,0.4862,3.6097,0.4541
web,p20,temporal,plus45,6,6.3809,0.2562,3.0579,0.2355
web,p20,spatial,horizontal,6,2.1196,0.0589,0.6757,0.0536
web,p20,spatial,vertical,6,1.7588,0.0692,0.7713,0.0651
web,p20,spatial,minus45,5,11.4164,0.5422,4.006,0.4908
web,p20,spatial,plus45,5,11.9902,0.6398,5.2563,0.6158
web,p21,temporal,horizontal,4,0.5593,0.1079,0.1089,0.0773
web,p21,temporal,vertical,5,1.0551,0.0811,0.5381,0.0743
web,p21,temporal,minus45,5,6.5957,0.2157,2.6671,0.1944
web,p21,temporal,plus45,5,6.7224,0.389,1.9901,0.3502
web,p21,spatial,horizontal,5,1.2688,0.038,0.4998,0.0341
web,p21,spatial,vertical,5,1.6149,0.0142,0.4423,0.0126
web,p21,spatial,minus45,5,11.3431,0.2127,2.552,0.1876
web,p21,spatial,plus45,5,10.5325,0.3323,3.0631,0.2946
web,p22,temporal,horizontal,13,0.8588,0.0368,0.4773,0.0339
web,p22,temporal,vertical,12,0.9484,0.0139,0.3519,0.0119
web,p22,temporal,minus45,14,6.5839,0.1414,2.0003,0.1267
web,p22,temporal,plus45,15,9.0223,0.1953,3.4928,0.1764
web,p22,spatial,horizontal,13,2.4815,0.0421,0.8609,0.0385
web,p22,spatial,vertical,10,3.1823,0.0622,0.6925,0.0561
web,p22,spatial,minus45,10,15.5072,0.2443,3.6049,0.2206
web,p22,spatial,plus45,14,19.2725,0.3313,5.2506,0.3447
web,p23,temporal,horizontal,5,0.5799,0.025,0.2199,0.0278
web,p23,temporal,vertical,5,0.9091,0.0387,0.3598,0.0344
web,p23,temporal,minus45,5,8.5256,0.3192,2.7619,0.2836
web,p23,temporal,plus45,5,11.2699,0.772,5.7206,0.7682
web,p23,spatial,horizontal,5,1.3453,0.0379,0.4486,0.0338
web,p23,spatial,vertical,6,2.2468,0.058,0.6285,0.0523
web,p23,spatial,minus45,5,23.2602,0.9313,7.1894,0.9773
web,p23,spatial,plus45,5,20.4585,0.5772,5.5501,0.6158
web,p24,temporal,horizontal,4,1.6207,0.0808,0.6122,0.0726
web,p24,temporal,vertical,5,1.3293,0.1379,0.8671,0.1347
web,p24,temporal,minus45,5,13.302,0.8816,7.087,0.9703
web,p24,temporal,plus45,5,12.9581,0.4086,3.5056,0.3639
web,p24,spatial,horizontal,5,1.6365,0.0396,0.4219,0.035
web,p24,spatial,vertical,5,2.326,0.0419,0.6917,0.0373
web,p24,spatial,minus45,5,18.9115,0.4596,3.7443,0.4413
web,p24,spatial,plus45,5,17.7348,0.5774,3.6648,0.5383
web,p25,temporal,horizontal,5,1.0937,0.0199,0.3326,0.0179
web,p25,temporal,vertical,7,1.1902,0.0266,0.2935,0.0244
web,p25,temporal,minus45,5,7.7403,0.4055,1.5791,0.377
web,p25,temporal,plus45,5,10.0988,0.6119,4.3516,0.5665
web,p25,spatial,horizontal,6,1.4638,0.0336,0.5857,0.0305
web,p25,spatial,vertical,6,1.7768,0.0561,0.6679,0.051
web,p25,spatial,minus45,5,12.8948,0.4749,4.4389,0.4368
web,p25,spatial,plus45,5,14.384,0.4332,2.7821,0.383
web,p26,temporal,horizontal,6,1.195,0.0304,0.3028,0.0251
web,p26,temporal,vertical,6,0.9455,0.0312,0.3171,0.0262
web,p26,temporal,minus45,6,7.0641,0.0208,0.1389,0.0114
web,p26,temporal,plus45,5,7.0436,0.1756,2.3433,0.157
web,p26,spatial,horizontal,5,2.0269,0.0284,0.4783,0.0251
web,p26,spatial,vertical,7,1.8666,0.0354,0.5383,0.0314
web,p26,spatial,minus45,5,11.1162,0.2404,2.6566,0.2122
web,p26,spatial,plus45,6,10.4674,0.3253,3.7668,0.2934
web,p27,temporal,horizontal,5,1.5821,0.2207,1.5638,0.2571
web,p27,temporal,vertical,4,2.1395,0.178,0.7286,0.1597
web,p27,temporal,minus45,5,13.6776,0.9846,6.3425,1.0243
web,p27,temporal,plus45,5,14.9904,0.8728,6.2176,0.9062
web,p27,spatial,horizontal,5,3.3971,0.1186,1.4614,0.1339
web,p27,spatial,vertical,5,3.3257,0.1243,1.0413,0.1232
web,p27,spatial,minus45,5,23.9514,0.4722,6.5189,0.4829
web,p27,spatial,plus45,5,20.7162,0.5921,4.7301,0.6208
web,p28,temporal,horizontal,5,1.2882,0.0239,0.4407,0.0213
web,p28,temporal,vertical,5,1.5315,0.069,0.6843,0.0639
web,p28,temporal,minus45,5,8.7534,0.4262,4.4709,0.4034
web,p28,temporal,plus45,5,11.6368,0.4941,5.6254,0.4877
web,p28,spatial,horizontal,7,1.9781,0.0355,0.6358,0.0319
web,p28,spatial,vertical,5,2.5889,0.0875,1.0102,0.0922
web,p28,spatial,minus45,5,18.1568,0.4105,4.3072,0.3991
web,p28,spatial,plus45,5,20.1809,0.6166,5.813,0.661
web,p29,temporal,horizontal,6,0.975,0.052,0.5423,0.0482
web,p29,temporal,vertical,6,1.4044,0.0403,0.3202,0.0393
web,p29,temporal,minus45,5,5.5846,0.3086,2.1136,0.2713
web,p29,temporal,plus45,5,6.95,0.1455,2.3533,0.1301
web,p29,spatial,horizontal,5,1.8868,0.0255,0.3934,0.0222
web,p29,spatial,vertical,6,2.2577,0.0838,0.655,0.0744
web,p29,spatial,minus45,5,9.8499,0.327,3.039,0.2905
web,p29,spatial,plus45,7,12.8955,0.3975,4.7248,0.3709
web,p30,temporal,horizontal,5,1.8668,0.165,1.5578,0.2233
web,p30,temporal,vertical,5,1.8678,0.1722,1.397,0.2156
web,p30,temporal,minus45,5,17.9886,1.2901,6.8121,1.4208
web,p30,temporal,plus45,5,15.8281,0.701,7.1185,0.7792
web,p30,spatial,horizontal,5,1.513,0.0397,0.6316,0.0363
web,p30,spatial,vertical,5,1.8454,0.0687,0.7537,0.0641
web,p30,spatial,minus45,5,23.7504,1.0402,10.0,1.1352
web,p30,spatial,plus45,5,20.4153,0.3329,5.1331,0.3511
web,p31,temporal,horizontal,5,1.0097,0.0243,0.2175,0.0152
web,p31,temporal,vertical,5,1.0076,0.0159,0.345,0.0132
web,p31,temporal,minus45,5,9.0653,0.2222,1.9848,0.1912
web,p31,temporal,plus45,5,8.7759,0.2524,3.4151,0.228
web,p31,spatial,horizontal,5,1.3256,0.0196,0.4028,0.0175
web,p31,spatial,vertical,5,2.2319,0.0397,0.4407,0.0351
web,p31,spatial,minus45,5,14.0146,0.4695,2.8922,0.415
web,p31,spatial,plus45,5,15.496,0.586,4.1526,0.5408
web,p32,temporal,horizontal,5,0.8824,0.0382,0.1594,0.0216
web,p32,temporal,vertical,5,1.0129,0.023,0.2241,0.0209
web,p32,temporal,minus45,4,6.9807,0.3731,2.1144,0.335
web,p32,temporal,plus45,5,8.9286,0.2056,3.4706,0.1858
web,p32,spatial,horizontal,5,1.8135,0.0229,0.4571,0.0201
web,p32,spatial,vertical,4,2.0178,0.1028,1.0581,0.1088
web,p32,spatial,minus45,5,22.4527,0.9457,5.6847,1.0072
web,p32,spatial,plus45,5,15.9385,0.4515,5.9032,0.463
web,p33,temporal,horizontal,5,0.9148,0.0274,0.2245,0.021
web,p33,temporal,vertical,7,0.6557,0.0231,0.2882,0.0212
web,p33,temporal,minus45,5,5.8824,0.2014,2.8164,0.1844
web,p33,temporal,plus45,5,6.4584,0.093,1.2154,0.092
web,p33,spatial,horizontal,6,1.7379,0.0342,0.5379,0.0304
web,p33,spatial,vertical,7,1.8412,0.0447,0.6149,0.0401
web,p33,spatial,minus45,6,16.0928,0.5818,5.6936,0.5897
web,p33,spatial,plus45,6,12.1457,0.23,1.6361,0.1887
web,p34,temporal,horizontal,6,0.6917,0.0307,0.2888,0.0327
web,p34,temporal,vertical,5,1.1877,0.0592,0.4725,0.0527
web,p34,temporal,minus45,5,6.2988,0.4919,3.9032,0.474
web,p34,temporal,plus45,5,7.6882,0.2996,3.2272,0.2721
web,p34,spatial,horizontal,6,1.3386,0.0274,0.5611,0.0247
web,p34,spatial,vertical,6,1.7186,0.0391,0.8017,0.0363
web,p34,spatial,minus45,5,16.6556,0.4124,5.0179,0.4048
web,p34,spatial,plus45,5,16.3001,0.3728,3.1975,0.3346
web,p35,temporal,horizontal,5,0.7975,0.1062,0.5265,0.1008
web,p35,temporal,vertical,5,0.6397,0.0274,0.1905,0.0433
web,p35,temporal,minus45,5,7.2999,0.4357,4.0265,0.4134
web,p35,temporal,plus45,5,8.5453,0.2458,3.4848,0.2231
web,p35,spatial,horizontal,5,1.6307,0.0855,0.5723,0.0765
web,p35,spatial,vertical,5,2.5311,0.0783,0.9415,0.073
web,p35,spatial,minus45,5,16.0817,0.6022,6.12,0.6271
web,p35,spatial,plus45,5,19.5542,0.9948,8.6792,1.1838
web,p36,temporal,horizontal,5,1.009,0.0254,0.3485,0.0212
web,p36,temporal,vertical,5,0.6483,0.0182,0.155,0.037
web,p36,temporal,minus45,5,6.3715,0.2074,2.6775,0.1874
web,p36,temporal,plus45,5,7.4545,0.506,3.3473,0.4633
web,p36,spatial,horizontal,5,1.5927,0.0846,0.4216,0.075
web,p36,spatial,vertical,6,1.9997,0.043,0.6117,0.0382
web,p36,spatial,minus45,5,11.2194,0.3403,3.7829,0.3059
web,p36,spatial,plus45,5,12.02,0.317,2.6391,0.2789
web,p37,temporal,horizontal,5,0.8775,0.0448,0.4037,0.0407
web,p37,temporal,vertical,6,2.0131,0.1132,1.4174,0.1432
web,p37,temporal,minus45,5,6.7452,0.2833,2.6903,0.2551
web,p37,temporal,plus45,5,15.3365,0.7607,6.9662,0.8348
web,p37,spatial,horizontal,5,1.3828,0.112,0.7324,0.1067
web,p37,spatial,vertical,6,2.3091,0.0481,0.6518,0.0438
web,p37,spatial,minus45,5,19.3692,0.5696,6.4962,0.6218
web,p37,spatial,plus45,5,20.6748,0.5905,4.3954,0.6123
web,p38,temporal,horizontal,4,0.6229,0.0185,0.2021,0.0212
web,p38,temporal,vertical,7,1.8761,0.0338,0.5895,0.0301
web,p38,temporal,minus45,5,8.5531,0.2733,3.2629,0.2462
web,p38,temporal,plus45,6,9.0683,0.3308,2.7144,0.2928
web,p38,spatial,horizontal,5,1.1957,0.048,0.458,0.0432
web,p38,spatial,vertical,5,1.7794,0.0493,0.5671,0.044
web,p38,spatial,minus45,5,11.3707,0.372,3.5315,0.332
web,p38,spatial,plus45,5,18.3828,0.0959,4.3633,0.094
web,p39,temporal,horizontal,5,0.9739,0.014,0.318,0.0115
web,p39,temporal,vertical,5,1.0075,0.0279,0.3881,0.0241
web,p39,temporal,minus45,5,8.1072,0.1305,1.6215,0.1136
web,p39,temporal,plus45,5,6.6789,0.1151,2.4025,0.103
web,p39,spatial,horizontal,5,2.0307,0.0266,0.5681,0.0235
web,p39,spatial,vertical,5,2.9502,0.1638,0.8733,0.1516
web,p39,spatial,minus45,5,11.8513,0.4608,2.6574,0.4057
web,p39,spatial,plus45,5,12.0552,0.1684,2.1856,0.1469
web,p40,temporal,horizontal,6,0.7226,0.0226,0.3093,0.0202
web,p40,temporal,vertical,6,0.8512,0.0252,0.3042,0.0216
web,p40,temporal,minus45,4,7.2246,0.435,4.1926,0.417
web,p40,temporal,plus45,5,6.1027,0.3688,1.6039,0.3172
web,p40,spatial,horizontal,5,1.4899,0.0806,0.3763,0.0709
web,p40,spatial,vertical,6,1.7994,0.0808,0.559,0.0718
web,p40,spatial,minus45,5,15.1989,0.3812,5.9052,0.3881
web,p40,spatial,plus45,5,13.6797,0.8662,4.3613,0.7957
web,p41,temporal,horizontal,5,0.7692,0.0293,0.2938,0.0299
web,p41,temporal,vertical,5,1.02,0.027,0.3685,0.0229
web,p41,temporal,minus45,5,6.1431,0.1236,2.1616,0.1096
web,p41,temporal,plus45,6,7.412,0.1284,2.5185,0.1146
web,p41,spatial,horizontal,5,1.4619,0.0675,0.5879,0.0609
web,p41,spatial,vertical,6,1.8182,0.0745,0.5249,0.066
web,p41,spatial,minus45,5,13.7041,0.5973,5.0261,0.5683
web,p41,spatial,plus45,5,15.5516,1.2499,6.245,1.306
web,p42,temporal,horizontal,5,0.5889,0.0714,0.1051,0.0617
web,p42,temporal,vertical,5,0.8097,0.0326,0.2957,0.0318
web,p42,temporal,minus45,6,5.3401,0.4273,3.505,0.4128
web,p42,temporal,plus45,5,4.3325,0.1531,1.5109,0.1396
web,p42,spatial,horizontal,5,1.1253,0.0172,0.3885,0.0147
web,p42,spatial,vertical,6,1.2107,0.0374,0.5546,0.034
web,p42,spatial,minus45,5,9.2065,0.2353,2.2688,0.2061
web,p42,spatial,plus45,6,9.9779,0.1614,3.1226,0.1435
web,p43,temporal,horizontal,5,1.0793,0.0345,0.3551,0.0287
web,p43,temporal,vertical,4,0.7956,0.068,0.4069,0.0626
web,p43,temporal,minus45,6,9.572,0.6721,5.3125,0.66
web,p43,temporal,plus45,5,10.2283,0.8695,5.4259,0.8543
web,p43,spatial,horizontal,5,1.8574,0.0661,0.871,0.0617
web,p43,spatial,vertical,5,1.9055,0.0815,0.8758,0.076
web,p43,spatial,minus45,6,16.659,0.5604,4.3471,0.5304
web,p43,spatial,plus45,5,19.8598,0.546,6.057,0.5883
web,p44,temporal,horizontal,5,0.8694,0.0571,0.3885,0.0513
web,p44,temporal,vertical,5,1.3514,0.055,0.5605,0.0497
web,p44,temporal,minus45,5,11.0019,0.25,3.6137,0.2239
web,p44,temporal,plus45,6,16.489,0.5591,5.6996,0.5697
web,p44,spatial,horizontal,5,2.2595,0.0246,0.5695,0.0217
web,p44,spatial,vertical,6,3.2426,0.1459,1.0387,0.1437
web,p44,spatial,minus45,5,17.5976,0.4362,8.498,0.5279
web,p44,spatial,plus45,5,15.5656,0.3532,4.9168,0.3393
web,p45,temporal,horizontal,5,0.9084,0.0181,0.1778,0.0117
web,p45,temporal,vertical,5,0.9323,0.0156,0.3297,0.0137
web,p45,temporal,minus45,5,7.9209,0.0694,2.3562,0.0615
web,p45,temporal,plus45,5,8.4231,0.2153,3.3506,0.1948
web,p45,spatial,horizontal,5,1.3482,0.0186,0.3656,0.0164
web,p45,spatial,vertical,5,1.6456,0.0342,0.4308,0.0302
web,p45,spatial,minus45,5,13.2405,0.3059,3.3288,0.2716
web,p45,spatial,plus45,5,10.4309,0.2069,2.6967,0.1828
web,p46,temporal,horizontal,5,0.7792,0.0395,0.3544,0.0371
web,p46,temporal,vertical,5,0.8051,0.0411,0.2867,0.041
web,p46,temporal,minus45,5,7.206,0.1253,2.2999,0.1119
web,p46,temporal,plus45,5,4.8807,0.0801,1.5905,0.0662
web,p46,spatial,horizontal,5,1.2942,0.0158,0.2277,0.0161
web,p46,spatial,vertical,5,1.3783,0.026,0.2287,0.0349
web,p46,spatial,minus45,5,14.285,1.0883,6.7515,1.1702
web,p46,spatial,plus45,5,10.5854,0.4335,4.4685,0.402
web,p47,temporal,horizontal,5,1.2358,0.0404,0.3622,0.0359
web,p47,temporal,vertical,5,1.0004,0.0272,0.1572,0.0237
web,p47,temporal,minus45,5,9.5824,0.4817,5.7819,0.4873
web,p47,temporal,plus45,5,12.6068,0.2954,5.1382,0.2821
web,p47,spatial,horizontal,5,1.8288,0.0682,0.5367,0.0605
web,p47,spatial,vertical,7,2.0414,0.0325,0.7418,0.0301
web,p47,spatial,minus45,6,18.7812,0.5068,3.7608,0.4856
web,p47,spatial,plus45,5,16.1438,0.6397,4.5615,0.6075
web,p48,temporal,horizontal,4,1.0378,0.0709,0.5173,0.0657
web,p48,temporal,vertical,6,0.9019,0.0815,0.5517,0.078
web,p48,temporal,minus45,6,13.021,0.5706,4.7736,0.5338
web,p48,temporal,plus45,4,11.3618,0.6438,4.989,0.6111
web,p48,spatial,horizontal,5,1.6911,0.0919,0.8737,0.0901
web,p48,spatial,vertical,6,2.3301,0.0391,0.9137,0.0391
web,p48,spatial,minus45,5,21.7712,0.7011,6.9043,0.7611
web,p48,spatial,plus45,5,23.6989,1.6178,7.8912,1.6852
web,p49,temporal,horizontal,5,2.256,0.1414,1.1455,0.1566
web,p49,temporal,vertical,5,2.0363,0.1828,1.2308,0.2107
web,p49,temporal,minus45,5,12.9927,0.8501,5.1875,0.8147
web,p49,temporal,plus45,5,16.1659,0.6724,7.8079,0.784
web,p49,spatial,horizontal,4,2.2815,0.0975,0.6738,0.0891
web,p49,spatial,vertical,6,2.6485,0.0612,0.6848,0.0576
web,p49,spatial,minus45,5,22.5861,0.381,5.1334,0.4055
web,p49,spatial,plus45,5,23.1141,0.3874,3.9889,0.4137
web,p50,temporal,horizontal,5,1.5709,0.0638,0.5459,0.057
web,p50,temporal,vertical,5,1.0522,0.0473,0.4286,0.0415
web,p50,temporal,minus45,5,7.3822,0.4559,2.8257,0.4097
web,p50,temporal,plus45,5,5.8419,0.2454,1.1953,0.1766
web,p50,spatial,horizontal,6,1.927,0.0568,0.4978,0.0502
web,p50,spatial,vertical,5,1.5202,0.0824,0.6732,0.0753
web,p50,spatial,minus45,5,9.1523,0.3691,3.4883,0.333
web,p50,spatial,plus45,5,9.5942,0.1391,2.0174,0.1215
web,p51,temporal,horizontal,5,0.7777,0.0122,0.2391,0.0149
web,p51,temporal,vertical,6,0.5593,0.0701,0.109,0.0503
web,p51,temporal,minus45,5,8.7213,0.6732,3.2958,0.606
web,p51,temporal,plus45,5,6.0077,0.1337,1.3052,0.1067
web,p51,spatial,horizontal,5,1.0016,0.0245,0.3361,0.0203
web,p51,spatial,vertical,5,2.1709,0.0383,0.5078,0.0339
web,p51,spatial,minus45,5,10.8502,0.6414,4.3624,0.5907
web,p51,spatial,plus45,5,14.1932,0.669,4.2715,0.6138
web,p52,temporal,horizontal,10,1.2642,0.022,0.4407,0.0197
web,p52,temporal,vertical,10,0.9898,0.0301,0.4485,0.0275
web,p52,temporal,minus45,11,7.8056,0.1778,2.8025,0.159
web,p52,temporal,plus45,10,6.3232,0.1388,1.7726,0.1234
web,p52,spatial,horizontal,11,1.3868,0.0131,0.4181,0.0116
web,p52,spatial,vertical,10,1.5583,0.029,0.6733,0.0268
web,p52,spatial,minus45,10,12.1661,0.2009,3.4073,0.1785
web,p52,spatial,plus45,10,12.6766,0.2613,3.8398,0.2347
web,p53,temporal,horizontal,5,1.2005,0.0899,0.7231,0.0858
web,p53,temporal,vertical,6,1.1413,0.0458,0.4519,0.0405
web,p53,temporal,minus45,5,9.4913,0.2873,3.1054,0.2559
web,p53,temporal,plus45,5,8.4589,0.2507,1.7167,0.2113
web,p53,spatial,horizontal,5,1.433,0.0917,0.5542,0.0824
web,p53,spatial,vertical,5,1.8286,0.0562,0.5904,0.0501
web,p53,spatial,minus45,5,11.5821,0.4188,4.7556,0.392
web,p53,spatial,plus45,5,10.8292,0.4464,2.3918,0.3951
web,p54,temporal,horizontal,5,0.8111,0.0598,0.3179,0.0522
web,p54,temporal,vertical,5,1.0896,0.1082,0.7924,0.1088
web,p54,temporal,minus45,5,9.2262,0.8171,4.6115,0.7741
web,p54,temporal,plus45,5,10.0234,0.2737,1.6675,0.2481
web,p54,spatial,horizontal,5,1.6013,0.0422,0.519,0.0375
web,p54,spatial,vertical,5,1.743,0.0501,0.5371,0.0445
web,p54,spatial,minus45,5,12.5255,0.7208,3.1738,0.6379
web,p54,spatial,plus45,5,13.5166,0.7723,4.6378,0.7185
web,p55,temporal,horizontal,5,1.059,0.0406,0.3131,0.0365
web,p55,temporal,vertical,6,1.6083,0.0596,0.4601,0.0527
web,p55,temporal,minus45,5,8.0824,0.1589,1.8799,0.1396
web,p55,temporal,plus45,5,9.178,0.0929,2.7147,0.0822
web,p55,spatial,horizontal,5,1.4454,0.0665,0.4632,0.0591
web,p55,spatial,vertical,5,2.0767,0.0341,0.6187,0.0306
web,p55,spatial,minus45,5,11.2778,0.4841,2.4182,0.4273
web,p55,spatial,plus45,5,12.8818,0.5025,5.0371,0.4771
web,p56,temporal,horizontal,5,1.3018,0.1089,0.4732,0.0976
web,p56,temporal,vertical,5,1.2243,0.0433,0.5706,0.04
web,p56,temporal,minus45,5,6.6662,0.454,2.4964,0.4069
web,p56,temporal,plus45,5,10.1097,0.3691,3.6593,0.3324
web,p56,spatial,horizontal,5,1.2023,0.0358,0.3727,0.032
web,p56,spatial,vertical,5,1.8079,0.0604,0.6259,0.0544
web,p56,spatial,minus45,5,11.9489,0.2762,4.5208,0.2551
web,p56,spatial,plus45,5,10.14,0.4292,2.2652,0.3799
web,p57,temporal,horizontal,5,0.9541,0.0276,0.3451,0.0244
web,p57,temporal,vertical,5,1.1782,0.017,0.3181,0.0154
web,p57,temporal,minus45,5,8.1756,0.2457,1.7291,0.213
web,p57,temporal,plus45,5,9.2827,0.6157,3.0339,0.5481
web,p57,spatial,horizontal,5,1.2558,0.0357,0.3899,0.0318
web,p57,spatial,vertical,5,1.7795,0.038,0.4358,0.0335
web,p57,spatial,minus45,5,13.6941,0.343,4.5885,0.3186
web,p57,spatial,plus45,5,15.7398,0.4539,3.6041,0.4108
web,p58,temporal,horizontal,5,0.9265,0.0332,0.2757,0.028
web,p58,temporal,vertical,5,1.1062,0.0382,0.2534,0.0373
web,p58,temporal,minus45,5,8.0264,0.3335,3.2439,0.3018
web,p58,temporal,plus45,5,7.9611,0.2353,3.4641,0.2149
web,p58,spatial,horizontal,5,1.7222,0.0678,0.4316,0.0598
web,p58,spatial,vertical,5,2.1258,0.098,0.8397,0.0941
web,p58,spatial,minus45,5,15.3853,0.337,3.5807,0.3038
web,p58,spatial,plus45,5,14.1529,0.7026,2.8597,0.6212
web,p59,temporal,horizontal,5,0.9633,0.0474,0.423,0.042
web,p59,temporal,vertical,6,1.0881,0.0583,0.5743,0.0538
web,p59,temporal,minus45,5,7.6437,0.0828,2.2526,0.0737
web,p59,temporal,plus45,5,8.8089,0.1565,2.8286,0.139
web,p59,spatial,horizontal,5,1.2672,0.076,0.7209,0.0719
web,p59,spatial,vertical,5,2.4343,0.1445,1.3379,0.154
web,p59,spatial,minus45,5,12.71,0.5385,3.7702,0.4828
web,p59,spatial,plus45,5,15.4207,1.1459,6.8566,1.2482
web,p60,temporal,horizontal,5,1.4747,0.03,0.4489,0.0266
web,p60,temporal,vertical,5,1.3244,0.0562,0.4125,0.0499
web,p60,temporal,minus45,5,6.8072,0.278,1.7782,0.2567
web,p60,temporal,plus45,5,6.5573,0.2919,2.7084,0.2635
web,p60,spatial,horizontal,5,1.8956,0.116,1.0719,0.1236
web,p60,spatial,vertical,5,1.6052,0.0508,0.5751,0.0457
web,p60,spatial,minus45,5,9.954,0.5614,2.7541,0.4965
web,p60,spatial,plus45,5,8.965,0.3799,3.3014,0.3413
web,p61,temporal,horizontal,4,1.2745,0.0875,0.6444,0.0821
web,p61,temporal,vertical,7,1.5075,0.0667,0.7268,0.0628
web,p61,temporal,minus45,5,8.7806,0.2487,2.843,0.221
web,p61,temporal,plus45,5,8.8697,0.4314,4.2496,0.4032
web,p61,spatial,horizontal,5,1.7544,0.0961,0.7658,0.0902
web,p61,spatial,vertical,4,2.1353,0.1161,0.5354,0.1028
web,p61,spatial,minus45,5,16.9424,0.5466,4.2531,0.5173
web,p61,spatial,plus45,5,14.1362,0.8245,7.3198,0.9254
web,p62,temporal,horizontal,5,0.6395,0.0304,0.1921,0.0475
web,p62,temporal,vertical,5,0.9289,0.0609,0.4567,0.0551
web,p62,temporal,minus45,5,9.2849,0.4674,3.9047,0.4278
web,p62,temporal,plus45,5,6.1676,0.366,3.0052,0.3368
web,p62,spatial,horizontal,5,2.8515,0.1346,1.0906,0.1319
web,p62,spatial,vertical,5,3.5876,0.1221,1.1068,0.1258
web,p62,spatial,minus45,5,22.8434,1.1509,7.2483,1.2239
web,p62,spatial,plus45,5,20.42,0.9327,5.3986,0.9909
web,p63,temporal,horizontal,5,0.9748,0.0355,0.3203,0.0292
web,p63,temporal,vertical,5,0.981,0.017,0.2823,0.0132
web,p63,temporal,minus45,5,7.3654,0.4383,4.3475,0.4223
web,p63,temporal,plus45,5,6.3694,0.3856,2.7097,0.3488
web,p63,spatial,horizontal,5,1.732,0.0524,0.4834,0.0463
web,p63,spatial,vertical,5,2.2453,0.0171,0.5452,0.0151
web,p63,spatial,minus45,5,14.1308,0.2627,6.1637,0.2703
web,p63,spatial,plus45,5,18.2954,0.7461,6.0086,0.7913
web,p64,temporal,horizontal,5,1.6379,0.0736,0.6442,0.067
web,p64,temporal,vertical,6,1.4003,0.054,0.5943,0.0493
web,p64,temporal,minus45,5,8.2068,0.3618,4.4741,0.3455
web,p64,temporal,plus45,6,10.3893,0.2606,4.268,0.2397
web,p64,spatial,horizontal,5,1.8896,0.0536,0.4261,0.047
web,p64,spatial,vertical,5,2.3311,0.1051,1.1418,0.1163
web,p64,spatial,minus45,5,17.1658,0.3677,4.7873,0.3594
web,p64,spatial,plus45,5,19.4447,0.6969,6.9932,0.7751
web,p65,temporal,horizontal,5,1.2739,0.0445,0.51,0.0403
web,p65,temporal,vertical,5,2.3377,0.062,0.6691,0.0567
web,p65,temporal,minus45,5,17.3764,0.6719,8.9515,0.8371
web,p65,temporal,plus45,5,15.3582,0.8159,6.3028,0.8546
web,p65,spatial,horizontal,5,2.0007,0.0915,0.8604,0.0885
web,p65,spatial,vertical,6,3.3425,0.0687,0.647,0.0708
web,p65,spatial,minus45,5,23.9953,0.9028,5.665,0.9267
web,p65,spatial,plus45,5,19.362,0.988,8.9963,1.1969
web,p66,temporal,horizontal,5,1.2864,0.0249,0.3304,0.0224
web,p66,temporal,vertical,9,1.1639,0.0155,0.3719,0.0132
web,p66,temporal,minus45,5,9.8685,0.2691,3.1102,0.2393
web,p66,temporal,plus45,5,7.0359,0.2969,1.8644,0.2725
web,p66,spatial,horizontal,5,1.7636,0.0655,0.5695,0.0583
web,p66,spatial,vertical,6,2.4167,0.1065,0.8843,0.0979
web,p66,spatial,minus45,5,15.2583,0.6796,4.9677,0.6525
web,p66,spatial,plus45,5,16.5972,0.6264,7.3932,0.7107
web,p67,temporal,horizontal,5,0.8068,0.0594,0.4393,0.0552
web,p67,temporal,vertical,5,0.987,0.0843,0.5595,0.0798
web,p67,temporal,minus45,5,9.7116,0.3448,3.3068,0.3082
web,p67,temporal,plus45,5,10.3101,0.3391,4.3017,0.3126
web,p67,spatial,horizontal,6,1.8523,0.123,1.073,0.1312
web,p67,spatial,vertical,5,1.8808,0.0644,0.6168,0.0577
web,p67,spatial,minus45,7,17.8905,0.2733,4.3627,0.265
web,p67,spatial,plus45,6,15.447,0.4539,3.6022,0.4097
web,p68,temporal,horizontal,5,1.1536,0.0564,0.4036,0.0505
web,p68,temporal,vertical,5,1.7623,0.1047,1.1976,0.1189
web,p68,temporal,minus45,5,8.471,0.4728,2.9601,0.4222
web,p68,temporal,plus45,5,15.2948,0.8627,9.47,1.1346
web,p68,spatial,horizontal,5,2.7588,0.0939,1.0954,0.1032
web,p68,spatial,vertical,5,2.9434,0.1168,0.6871,0.1142
web,p68,spatial,minus45,4,23.4825,1.618,5.2549,1.695
web,p68,spatial,plus45,5,16.2687,0.3787,4.6291,0.3616
web,p69,temporal,horizontal,5,0.8929,0.0793,0.5251,0.0752
web,p69,temporal,vertical,6,1.0141,0.0348,0.4629,0.0318
web,p69,temporal,minus45,5,6.1489,0.2406,1.2674,0.2018
web,p69,temporal,plus45,5,6.7232,0.2888,2.7155,0.2604
web,p69,spatial,horizontal,5,1.588,0.0184,0.4294,0.0162
web,p69,spatial,vertical,5,1.5008,0.0462,0.3656,0.0406
web,p69,spatial,minus45,7,8.581,0.1957,2.2893,0.1718
web,p69,spatial,plus45,5,9.7947,0.2292,4.1099,0.2105
